<?xml version="1.0" encoding="UTF-8"?>
<eac-cpf
    xsi:schemaLocation="urn:isbn:1-931666-33-4 cpf.xsd"
    xmlns="urn:isbn:1-931666-33-4" xmlns:xsi="http://www.w3.org/2001/XMLSchema-instance"
    xmlns:xs="http://www.w3.org/2001/XMLSchema" xmlns:xlink="http://www.w3.org/1999/xlink"
    >
    <!-- Exemple de notice d'autorité pour une collectivité de type seigneurie avec des relations avec les différentes familles titulaires de la seigneurie et le fonds d'archives de cette seigneurie -->
    <control>
        <recordId>FRAF_P_BORA_0000000001</recordId>
        <maintenanceStatus>new</maintenanceStatus>
        <maintenanceAgency>
            <agencyName/>
        </maintenanceAgency>
        <maintenanceHistory>
            <maintenanceEvent>
                <eventType>created</eventType>
                <eventDateTime/>
                <agentType>human</agentType>
                <agent/>
            </maintenanceEvent>
        </maintenanceHistory>
    </control>
    <cpfDescription>
        <identity>
            <entityType>corporateBody</entityType>
            <nameEntry>
                <part>Le Tremblay-sur-Mauldre</part>
                <part localType="departement">Yvelines</part>
                <part localType="type_collectivite">seigneurie</part>
                <authorizedForm>AFNOR_NF_Z_44-060</authorizedForm>
                <!-- Forme autorisée du nom structurée dans différents éléments <part> permettant de distinguer la nature de chaque composante du nom -->
            </nameEntry>
            <nameEntry>
                <part>Seigneurie du Tremblay-sur-Mauldre</part>
                <alternativeForm>AFNOR_NF_Z_44-060</alternativeForm>
            </nameEntry>
        </identity>
        <description>
            <biogHist>
                <p>Jean Mignon et ses descendants furent les véritables fondateurs de la seigneurie
                    du Tremblay. La terre échut à la famille Culdoë, puis à celle des Le Clerc en
                    1467. C'est à partir de cette date que les Le Clerc prirent le nom de Le Clerc
                    du Tremblay. Ces derniers s'allièrent aux d'Angennes et recurent les archives de
                    la famille alliiée Malo. La famille d'Angennes s'éteint avec Françoise Hélène
                    d'Angennes. Le domaine passa à Olivier de Vérac puis à la famille Rougé enfin à
                    Mme de Vogüe qui vendit la propriété en 1948 à la municipalité de
                    Neuilly-sur-Seine.</p>
            </biogHist>
        </description>
        <relations>
            <cpfRelation cpfRelationType="associative">
                <relationEntry>Mignon (famille)</relationEntry>
            </cpfRelation>
            <cpfRelation cpfRelationType="associative">
                <relationEntry>Culdoë (famille)</relationEntry>
            </cpfRelation>
            <cpfRelation cpfRelationType="associative">
                <relationEntry>Angennes (famille d')</relationEntry>
            </cpfRelation>
            <cpfRelation cpfRelationType="associative">
                <relationEntry>Le Clerc du Tremblay (famille)</relationEntry>
            </cpfRelation>
            <cpfRelation cpfRelationType="associative">
                <relationEntry>Malo (famille)</relationEntry>
            </cpfRelation>
            <resourceRelation
                xlink:href="FRAD07800AP_000000002" resourceRelationType="creatorOf">
                <!-- Relation avec le fonds d'archives de la seigneurie du Tremblay-sur-Mauldre ; lien avec l'instance EAD correspondante -->
                <relationEntry>Archives de la seigneurie du Tremblay-sur-Mauldre</relationEntry>
            </resourceRelation>
        </relations>
    </cpfDescription>
</eac-cpf>
