<?xml version="1.0" encoding="UTF-8"?>
<eac-cpf
  xsi:schemaLocation="urn:isbn:1-931666-33-4 cpf.xsd"
  xmlns="urn:isbn:1-931666-33-4" xmlns:xsi="http://www.w3.org/2001/XMLSchema-instance"
  xmlns:xs="http://www.w3.org/2001/XMLSchema" xmlns:xlink="http://www.w3.org/1999/xlink"
  >
  <!-- Exemple de notice d'autorité pour une collectivité (service déconcentré de l'Etat) avec des relations avec une direction d'administration centrale, un autre service déconcentré de l'Etat et une fonction -->
  <control>
    <recordId>FRAF_P_00007</recordId>
    <maintenanceStatus>new</maintenanceStatus>
    <publicationStatus>approved</publicationStatus>
    <maintenanceAgency>
      <agencyCode>FR-SIAF</agencyCode>
      <agencyName>Service interministériel des Archives de France - Mission des Archives du
        ministère de l'écologie, de l'énergie du développement durable, des transports et de la
        mer</agencyName>
    </maintenanceAgency>
    <languageDeclaration>
      <language languageCode="fre">français</language>
      <script scriptCode="Latn">latin</script>
    </languageDeclaration>
    <conventionDeclaration>
      <abbreviation>ISAAR(CPF)</abbreviation>
      <citation>Norme internationale sur les notices d'autorité archivistiques relatives aux
        collectivités, aux personnes et aux familles ou ISAAR(CPF) du Conseil international des
        archives, 2e édition, 1996.</citation>
    </conventionDeclaration>
    <conventionDeclaration>
      <abbreviation>NF Z 44-060</abbreviation>
      <citation>Norme AFNOR NF Z 44-060, octobre 1983, Catalogue d’auteurs et d’anonymes : forme et
        structure des vedettes des collectivités auteurs.</citation>
    </conventionDeclaration>
    <conventionDeclaration>
      <abbreviation>ISO 8601</abbreviation>
      <citation>Norme ISO 8601:2004 Éléments de données et formats d’échange -- Échange
        d’information -- Représentation de la date et de l’heure.</citation>
    </conventionDeclaration>
    <conventionDeclaration>
      <abbreviation>Thésaurus W</abbreviation>
      <citation
        xlink:href="http://www.archivesdefrance.culture.gouv.fr/thesaurus/">Thésaurus pour la
        description et l'indexation des archives locales anciennes, modernes et
        contemporaines</citation>
      <descriptiveNote>
        <p>Le "Thésaurus W. Vocabulaires normalisés pour la description et l ’indexation des
          archives administratives locales contemporaines" a été étendu en 2009 aux périodes
          antérieures, devenant ainsi un Thésaurus pour la description et l’indexation des archives
          locales anciennes, modernes et contemporaines. C'est un outil réglementaire d'utilisation
          obligatoire pour tous les services d’archives territoriaux français (archives régionales,
          départementales, communales).</p>
      </descriptiveNote>
      <!-- Lien vers le thésaurus anciennement W dont est issu le terme utilisé dans l'élément <term> de l'élément <function> -->
    </conventionDeclaration>
    <localControl localType="detailLevel">
      <term>Complet</term>
    </localControl>
    <maintenanceHistory>
      <maintenanceEvent>
        <eventType>created</eventType>
        <eventDateTime standardDateTime="2012-01-13T07:51:44">13 janvier 2012 07:51:44
          PST</eventDateTime>
        <agentType>human</agentType>
        <agent>Notice élaborée par Adeline Denoeud (France. Ministère de l'écologie, de l'énergie du
          développement durable, des transports et de la mer. Mission des Archives).</agent>
      </maintenanceEvent>
      <maintenanceEvent>
        <eventType>revised</eventType>
        <eventDateTime standardDateTime="2012-01-23T03:20:29">23 janvier 2012 03:20:29
          PST</eventDateTime>
        <agentType>human</agentType>
        <agent/>
      </maintenanceEvent>
    </maintenanceHistory>
    <sources>
      <source xlink:type="simple" 
        xlink:href="http://www.developpement-durable.gouv.fr">
        <sourceEntry>Site du ministère de l'écologie, du développement durable, des transports et du
          logement</sourceEntry>
      </source>
    </sources>
  </control>
  <cpfDescription>
    <identity>
      <entityId/>
      <entityType>corporateBody</entityType>
      <nameEntry>
        <part>France. Direction interrégionale de la mer (ressort)</part>
        <authorizedForm>AFNOR_NF_Z_44-060</authorizedForm>
        <!-- Forme générique du nom pour une direction interrégionale de la mer -->
      </nameEntry>
      <nameEntry>
        <part>DIRM</part>
        <authorizedForm>AFNOR_NF_Z_44-060</authorizedForm>
      </nameEntry>
      <nameEntry>
        <part>France. Direction de la mer</part>
        <part localType="scopenote">appellation valable pour l'Outre-Mer</part>
        <alternativeForm>AFNOR_NF_Z_44-060</alternativeForm>
        <!-- Variante de la forme du nom avec une précision sur le contexte d'utilisation ; la valeur "scopenote" de l'attribut LOCALTYPE a été choisie par analogie avec les propriétés de la recommandation SKOS -->
      </nameEntry>
      <nameEntry>
        <part>DM</part>
        <part localType="scopenote">appellation valable pour l'Outre-Mer</part>
        <alternativeForm>AFNOR_NF_Z_44-060</alternativeForm>
        <!-- Variante de la forme du nom avec une précision sur le contexte d'utilisation -->
      </nameEntry>
    </identity>
    <description>
      <existDates>
        <dateRange>
          <fromDate standardDate="2010"/>
          <toDate standardDate="2099"/>
        </dateRange>
      </existDates>
      <places>
        <place>
          <placeRole>localisation territoriale</placeRole>
          <placeEntry>Manche orientale-Mer du Nord</placeEntry>
          <address>
            <addressLine>Le Havre (Seine-Maritime, France)</addressLine>
          </address>
        </place>
        <place>
          <placeRole>localisation territoriale</placeRole>
          <placeEntry>Bretagne-Pays de la Loire</placeEntry>
          <address>
            <addressLine>Nantes (Loire-Atlantique, France)</addressLine>
          </address>
        </place>
        <place>
          <placeRole>localisation territoriale</placeRole>
          <placeEntry>Sud-Atlantique</placeEntry>
          <address>
            <addressLine>Bordeaux (Gironde, France)</addressLine>
          </address>
        </place>
        <place>
          <placeRole>localisation territoriale</placeRole>
          <placeEntry>Méditerranée</placeEntry>
          <address>
            <addressLine>Marseille (Bouches-du-Rhône, France)</addressLine>
          </address>
        </place>
      </places>
      <legalStatus>
        <term>administration déconcentrée</term>
        <descriptiveNote>
          <p>Service déconcentré du ministère du développement durable.</p>
        </descriptiveNote>
      </legalStatus>
      <function>
        <term
          vocabularySource="http://www.archivesdefrance.culture.gouv.fr/thesaurus/resource/T1-1395"
          xml:lang="fre">pêche maritime</term>
        <!-- Lien dynamique vers le terme au sein du thésaurus pour l'indexation des archives locales -->
        <descriptiveNote>
          <!-- Ici, description des activités spécifiques des DIRM liées à la fonction "pêche maritime" ; ces activités ne sont pas pertinentes pour une notice décrivant la fonction générique "pêche maritime", elles ont plutôt leur place dans la notice d'autorité des DIRM.  -->
          <p>Les DIRM, services déconcentrés relevant du ministère chargé de la mer et du
            développement durable, sont en charge de la conduite des politiques de l’État en matière
            de développement durable de la mer, de gestion des ressources et de régulation des
            activités maritimes. Elles coordonnent les politiques publiques qui s'appliquent aux
            activités exercées en mer et mettent en œuvre soit par leurs propres services, soit par
            la coordination des autres services de l’État : la réglementation des pêches maritimes
            (professionnelle et de loisir) ; les mesures de sécurité et de sûreté des navires
            français et étrangers en escale dans les ports français ; le balisage et la
            signalisation maritime (services des phares et balises dit PB) ; le sauvetage en mer et
            la prévention de la pollution (services de gestion des centres interdépartementaux de
            stockage POLMAR) ; la délivrance des titres de formation professionnelle maritime ;les
            aides à la modernisation des entreprises de pêche maritime et de cultures marines.</p>
          <p>Ainsi les DIRM délivrent les brevets des marins et exercent la tutelle sur les lycées
            professionnels maritimes.</p>
          <p>Elles comprennent également les centres de sécurité des navires (CSN), les centres
            régionaux opérationnels de surveillance et de sauvetage (CROSS) et les services de santé
            des gens de mer (SSGM).</p>
        </descriptiveNote>
      </function>
      <mandates>
        <mandate>
          <citation 
            xlink:href="http://legifrance.gouv.fr/./affichTexte.do?cidTexte=JORFTEXT000021817062"
            >Décret n°2010-130 du 11 février 2010 relatif à l'organisation et aux missions des
            directions inter-régionales de la mer</citation>
          <!-- Lien pérenne vers le texte sur le site de Légifrance (voir instructions sur construction de liens pérennes vers des textes sur le site de Légifrance) -->
        </mandate>
        <mandate>
          <citation>Circulaire n°5389 du Premier ministre sur la réforme de l’administration
            territoriale de la mer et du littoral</citation>
          <descriptiveNote>
            <p>Circulaire n°5389 SG du 15 juin 2009</p>
          </descriptiveNote>
        </mandate>
      </mandates>
      <generalContext>
        <p>Dans le cadre de la réforme de l’administration territoriale de l’État, et sous
          l’impulsion du Grenelle de la mer, les directions inter-régionales de la mer (DIRM) ont
          été créées en février 2010.</p>
      </generalContext>
      <biogHist>
        <p>Les directions inter-régionales de la mer (DIRM) ont été créées le 23 janvier 2010 par
          fusion des directions régionales des affaires maritimes (DRAM) et par intégration des
          services chargés de la signalisation maritime et de gestion des centres de stockage
          interdépartementaux POLMAR.</p>
      </biogHist>
    </description>
    <relations>
      <cpfRelation cpfRelationType="hierarchical-child">
        <relationEntry>Région. Préfecture de région</relationEntry>
        <descriptiveNote>
          <p>Chaque DIRM est rattachée organiquement au préfet de région de son ressort.</p>
        </descriptiveNote>
      </cpfRelation>
      <cpfRelation cpfRelationType="hierarchical-child">
        <relationEntry>Région. Préfecture de région</relationEntry>
        <descriptiveNote>
          <p>Chaque DIRM est placée sous l'autorité fonctionnelle du préfet de région de son
            ressort.</p>
        </descriptiveNote>
      </cpfRelation>
      <cpfRelation cpfRelationType="hierarchical">
        <relationEntry>Région maritime. Préfecture de région maritime</relationEntry>
        <descriptiveNote>
          <p>Chaque DIRM est placée sous l'autorité fonctionnelle du préfet de région maritime de
            son ressort.</p>
        </descriptiveNote>
      </cpfRelation>
      <cpfRelation cpfRelationType="hierarchical-child"
        xlink:href="FRAF_P_00006 " xlink:type="simple">
        <relationEntry>France. Direction des affaires maritimes</relationEntry>
        <dateRange>
          <fromDate standardDate="2010">2010</fromDate>
          <toDate standardDate="2099">2099</toDate>
        </dateRange>
      </cpfRelation>
      <cpfRelation cpfRelationType="hierarchical-parent" 
        xlink:href="FRAF_P_00009 " xlink:type="simple">
        <relationEntry>Département. Délégation à la mer et au littoral</relationEntry>
        <dateRange>
          <fromDate standardDate="2010">2010</fromDate>
          <toDate standardDate="2099">2099</toDate>
        </dateRange>
      </cpfRelation>
      <functionRelation  xlink:type="simple"
        functionRelationType="controls" xlink:href="FRAF_F_00008">
        <!-- Ci-dessous, un essai de modélisation d'une relation vers une description en XML d'une fonction ; la description est rapatriée dans l'élément <objectXMLWrap> qui peut accueillir des instances ou des fragments d'instances XML provenant d'autres espaces de noms (ici, exercice de structuration en XML d'une description de fonction, mais le schéma EAF "Fonction archivistique encodée" n'a pas encore été développé)  -->
        <relationEntry>pêche maritime</relationEntry>
        <objectXMLWrap>
          <eaf>
            <context>
              <existDates>
                <dateRange>
                  <fromDate standardDate="1983"/>
                  <toDate standardDate="2099"/>
                </dateRange>
              </existDates>
              <description>
                <p>La pêche française se caractérise par la diversité de ses flottilles, de ses
                  captures (en eaux communautaires : sole, baudroie, langoustine, cabillaud,
                  anchois, merlu ; autres régions du globe : lieu noir, thon, crevette, espadon,
                  langouste) et de ses techniques (drague, casier, chalut, filet, ligne).</p>
              </description>
              <history>
                <p>La pêche et les cultures marines intègrent, en mars 1993, le ministère de
                  l'Agriculture alors que la mer dépend toujours du ministère de l’Équipement
                  (actuel MEDDTL) même si les agents du secteur pêche sont encore gérés par la
                  direction des affaires maritimes. C'est sous l'influence d’États européens qui ont
                  depuis longtemps assimilé pêche et agriculture que ce regroupement ministériel est
                  décidé.</p>
                <p>Depuis les années 1980, la politique française des pêches maritimes et de
                  l'aquaculture s'inscrit dans le cadre européen de la politique commune des pêches
                  qui se concrétise par la communautarisation des eaux et l'ouverture des marché
                  pour les pêcheurs et les aquaculteurs. Au plan national, les orientations de la
                  politique des pêches et de l'aquaculture trouvent leur expression dans les
                  principes de la loi d'orientation n° 97-1051 du 18 novembre 1997 sur les pêches et
                  les cultures marines. Ceux-ci visent à favoriser une gestion durable de la
                  ressource, à accompagner la modernisation des entreprises, ainsi qu'à mieux
                  valoriser la production. La loi d'orientation affirme parallèlement
                  l'incessibilité des droits de pêche et en particulier les quotas. La répartition
                  des quotas et la délivrance des autorisations de pêche sont opérées en fonction de
                  trois critères : les antériorités de pêche des navires, les orientations du marché
                  et les équilibres socio-économiques.</p>
                <p>Au niveau local, la Commission régionale des pêches maritimes et de l'aquaculture
                  marine (COREPAM) succède en 2006 au Comité régional de modernisation et de
                  développement de la flotte de pêche artisanale et des cultures marines (COREMODE).
                  Elle concourt, dans chaque région littorale, à la mise en œuvre de la politique
                  publique de la pêche et de l'aquaculture marine et à l'orientation des choix
                  d'équipement dans ces secteurs (décret n°2006-665, art. 22).</p>
                <p>Les aides en faveur de la pêche maritime relèvent, pour la part des financements
                  européens, de cofinancements communautaires au titre de la politique de cohésion
                  économique et sociale et de la politique agricole commune. Le Fonds européen pour
                  la pêche (FEP) a succédé à l'instrument financier d'orientation de la pêche (IFOP)
                  en 2008.</p>
              </history>
              <mandate>
                <citation>Règlement 2141/70 du 20 octobre 1970 portant établissement d'une politique
                  commune des pêches (JOCE L 24, 27 janvier 1970)</citation>
                <citation>Règlement 170/83 du 25 janvier 1983 instituant un régime communautaire de
                  conservation et de gestion des ressources de pêche (JOCE L 24, 27 janvier
                  1983)</citation>
                <citation>Loi d'orientation n°97-1051 du 18 novembre 1997 sur les pêches et les
                  cultures marines (JO 19 novembre)</citation>
              </mandate>
            </context>
          </eaf>
        </objectXMLWrap>
      </functionRelation>
    </relations>
  </cpfDescription>
</eac-cpf>
