<?xml version="1.0" encoding="UTF-8"?>
<eac-cpf xsi:schemaLocation="urn:isbn:1-931666-33-4 cpf.xsd" xmlns="urn:isbn:1-931666-33-4"
    xmlns:xsi="http://www.w3.org/2001/XMLSchema-instance"
    xmlns:xs="http://www.w3.org/2001/XMLSchema" xmlns:xlink="http://www.w3.org/1999/xlink">
    <!-- Exemple de notice d'autorité pour une personne avec une relation avec la notice d'autorité décrivant la famille dont cette personne est membre -->
    <control>
        <recordId>FRDAF00APH_NA006</recordId>
        <maintenanceStatus>new</maintenanceStatus>
        <publicationStatus>approved</publicationStatus>
        <maintenanceAgency>
            <agencyCode>FR-SIAF</agencyCode>
            <agencyName>Service interministériel des Archives de France</agencyName>
        </maintenanceAgency>
        <languageDeclaration>
            <language languageCode="fre"/>
            <script scriptCode="Latn"/>
        </languageDeclaration>
        <conventionDeclaration>
            <citation>Notice établie conformément aux normes ISAAR (CPF) du Conseil international
                des Archives et AFNOR NF Z 44-061, 1er juin 1986 Catalogage : forme et structure de
                vedettes noms de personne, des vedettes titres, des rubriques de classement et des
                titres forgés</citation>
        </conventionDeclaration>
        <maintenanceHistory>
            <maintenanceEvent>
                <eventType>updated</eventType>
                <eventDateTime>2012-04-20</eventDateTime>
                <agentType>human</agentType>
                <agent>Notice rédigée par Anila Angjeli (Bibliothèque nationale de France) et Claire
                    Sibille - de Grimouard (Service interministériel des Archives de France)</agent>
            </maintenanceEvent>
        </maintenanceHistory>
    </control>
    <cpfDescription>
        <identity>
            <entityType>person</entityType>
            <nameEntry>
                <part localType="nom">Gramont</part>
                <part localType="prenom">Armand de</part>
                <part localType="dates_biographiques">1879-1962</part>
                <authorizedForm>AFNOR_NF_Z_44-061</authorizedForm>
                <!-- Forme autorisée du nom structurée dans différents éléments <part> permettant de distinguer la nature de chaque composante du nom -->
            </nameEntry>
        </identity>
        <description>
            <existDates>
                <dateRange>
                    <fromDate standardDate="1879-09-29"/>
                    <toDate standardDate="1962-08-02"/>
                </dateRange>
            </existDates>
            <occupations>
                <occupation>
                    <term>industriel</term>
                </occupation>
                <occupation>
                    <term>scientifique</term>
                </occupation>
                <descriptiveNote>
                    <p>Armand de Gramont inventa un grand nombre d’appareils destinés à la marine ou
                        à l’aviation tels que des appareils de télémétrie monostatique, des
                        gyroscopes et altitélémètres.</p>
                </descriptiveNote>
            </occupations>
            <biogHist>
                <!-- Biographie présentée ici sous forme d'une liste chronologique  -->
                <chronList>
                    <chronItem>
                        <date standardDate="1911">1911</date>
                        <event>Docteur ès sciences</event>
                    </chronItem>
                    <chronItem>
                        <date standardDate="1914">1914</date>
                        <event>Mobilisé dans la section technique de l’aéronautique
                            militaire</event>
                    </chronItem>
                    <chronItem>
                        <date standardDate="1919">1919</date>
                        <event>Création de l'institut d’optique théorique et appliquée ; en devient
                            le président</event>
                    </chronItem>
                    <chronItem>
                        <date standardDate="1920">1920</date>
                        <event>Nommé secrétaire du Comité français de l’Union internationale de
                            physique et de mécanique</event>
                    </chronItem>
                    <chronItem>
                        <date standardDate="1931">1931</date>
                        <event>Membre de l’Académie des sciences</event>
                    </chronItem>
                    <chronItem>
                        <date>1956</date>
                        <event>Président de l’Académie des sciences</event>
                    </chronItem>
                </chronList>
            </biogHist>
        </description>
        <relations>
            <cpfRelation cpfRelationType="family" xlink:href="FRDAF00APH_NA005">
                <relationEntry>Gramont (famille)</relationEntry>
            </cpfRelation>
        </relations>
        <alternativeSet>
            <!-- Lien pérenne vers la notice d'autorité pour la même famille dans le référentiel Personnes de la BnF -->
            <setComponent xlink:href="http://catalogue.bnf.fr/ark:/12148/cb12574697k">
                <componentEntry>Notice du référentiel Personnes et familles de la Bibliothèque
                    national de France</componentEntry>
            </setComponent>
        </alternativeSet>
    </cpfDescription>
</eac-cpf>
