<?xml version="1.0" encoding="UTF-8"?>
<eac-cpf
    xsi:schemaLocation="urn:isbn:1-931666-33-4 cpf.xsd"
    xmlns="urn:isbn:1-931666-33-4" xmlns:xsi="http://www.w3.org/2001/XMLSchema-instance"
    xmlns:xs="http://www.w3.org/2001/XMLSchema" xmlns:xlink="http://www.w3.org/1999/xlink"
    
   >
    <!-- Exemple de notice d'autorité pour une famille avec des relations avec ses différents membres et le fonds d'archives de cette famille ; un lien a également été établi avec la notice d'autorité pour la même famille dans le référentiel Personnes de la BnF -->
    <control>
        <recordId>FRDAF00APH_NA005</recordId>
        <maintenanceStatus>new</maintenanceStatus>
        <publicationStatus>approved</publicationStatus>
        <maintenanceAgency>
            <agencyCode>FR-SIAF</agencyCode>
            <agencyName>Service interministériel des Archives de France</agencyName>
        </maintenanceAgency>
        <languageDeclaration>
            <language languageCode="fre"/>
            <script scriptCode="Latn"/>
        </languageDeclaration>
        <conventionDeclaration>
            <citation>Notice établie conformément aux normes ISAAR (CPF) du Conseil international
                des Archives et AFNOR NF Z 44-061, 1er juin 1986 Catalogage : forme et structure de
                vedettes noms de personne, des vedettes titres, des rubriques de classement et des
                titres forgés</citation>
        </conventionDeclaration>
        <maintenanceHistory>
            <maintenanceEvent>
                <eventType>updated</eventType>
                <eventDateTime>2012-04-20</eventDateTime>
                <agentType>human</agentType>
                <agent>Notice rédigée par Anila Angjeli (Bibliothèque nationale de France), Claire
                    Sibille - de Grimouard (Service interministériel des Archives de France) et Florence Clavaud (Ecole nationale des chartes)</agent>
            </maintenanceEvent>
        </maintenanceHistory>
    </control>
    <cpfDescription>
        <identity>
            <entityType>family</entityType>
            <nameEntry>
                <part>Gramont (famille)</part>
                <authorizedForm>AFNOR_NF_Z_44-061</authorizedForm>
            </nameEntry>
        </identity>
        <description>
            <biogHist>
                <p>La maison de Gramont était originaire de Navarre. Le nom fut relevé par la
                    branche cadette de la maison d’Aure. Les Gramont, gouverneurs de Béarn et de
                    Navarre, jouèrent un rôle de premier plan aux XVIIe et XVIIIe siècles.</p>
            </biogHist>
        </description>
        <relations>
            <!-- Pour les relations de type familial, le schéma EAC-CPF ne propose que la valeur "family" -->
            <cpfRelation cpfRelationType="family">
                <relationEntry>Gramont, Antoine de (1604-1678)</relationEntry>
            </cpfRelation>
            <cpfRelation cpfRelationType="family">
                <relationEntry>Gramont, Philibert de (1621-1707)</relationEntry>
            </cpfRelation>
            <cpfRelation cpfRelationType="family">
                <relationEntry>Gramont, Armand de (1638-1673)</relationEntry>
            </cpfRelation>
            <cpfRelation cpfRelationType="family">
                <relationEntry>Gramont, Antoine-Charles de (1640-1720)</relationEntry>
            </cpfRelation>
            <cpfRelation cpfRelationType="family">
                <relationEntry>Gramont, Antoine de (1672-1725)</relationEntry>
            </cpfRelation>
            <cpfRelation cpfRelationType="family">
                <relationEntry>Gramont, Antoine-Louis-Marie de Gramont (1755-1836)</relationEntry>
            </cpfRelation>
            <cpfRelation cpfRelationType="family">
                <relationEntry>Gramont, Antoine-Geneviève-Héraclius-Agénor de
                    (1789-1855)</relationEntry>
            </cpfRelation>
            <cpfRelation cpfRelationType="family">
                <relationEntry>Gramont, Antoine-Alfred-Agénor de (1851-1925)</relationEntry>
            </cpfRelation>
            <cpfRelation cpfRelationType="family"  xlink:href="FRDAF00APH_NA006">
                <relationEntry>Gramont, Armand de (1879-1962)</relationEntry>
            </cpfRelation>
            <resourceRelation>
                <relationEntry>Fonds Gramont</relationEntry>
                
                <objectXMLWrap>
                    <!-- Le schéma EAC-CPF n'exerce aucun contrôle sur des espaces de nom externes ; cependant, elle exige la présence d'un élément englobant sous <objectXMLWrap>, d'où la présence de l'élément racine <ead> dans le fragment d'instance EAD ci-dessous -->
                    <ead:ead xmlns:ead="urn:isbn:1-931666-00-8">
                        <ead:did>
                            <ead:repository>Archives nationales - Paris</ead:repository>
                            <ead:unitid>101 AP</ead:unitid>
                        </ead:did>
                    </ead:ead>
                </objectXMLWrap>
            </resourceRelation>
        </relations>
        <alternativeSet>
            <!-- Lien pérenne vers la notice d'autorité pour la même famille dans le référentiel Personnes de la BnF -->
            <setComponent 
               xlink:href="http://catalogue.bnf.fr/ark:/12148/cb120478601">
                <componentEntry>Notice du référentiel Personnes et familles de la Bibliothèque
                    national de France</componentEntry>
            </setComponent>
        </alternativeSet>
    </cpfDescription>
</eac-cpf>
