<?xml version="1.0" encoding="UTF-8"?>
<eac-cpf xsi:schemaLocation="urn:isbn:1-931666-33-4 cpf.xsd" xmlns="urn:isbn:1-931666-33-4"
    xmlns:xsi="http://www.w3.org/2001/XMLSchema-instance"
    xmlns:xs="http://www.w3.org/2001/XMLSchema" xmlns:xlink="http://www.w3.org/1999/xlink">
    <!-- Exemple de notice d'autorité pour une personne, avec des relations avec une collectivité et des fonds conservées dans plusieurs services d'archives -->
    <control>
        <recordId>FRDAF00APH_NA003</recordId>
        <maintenanceStatus>revised</maintenanceStatus>
        <publicationStatus>approved</publicationStatus>
        <maintenanceAgency>
            <agencyCode>FR-SIAF</agencyCode>
            <agencyName>Service interministériel des Archives de France</agencyName>
        </maintenanceAgency>
        <languageDeclaration>
            <language languageCode="fre"/>
            <script scriptCode="Latn"/>
        </languageDeclaration>
        <conventionDeclaration>
            <citation>Notice établie conformément aux normes ISAAR (CPF) du Conseil international
                des Archives et AFNOR NF Z 44-061, 1er juin 1986 Catalogage : forme et structure de
                vedettes noms de personne, des vedettes titres, des rubriques de classement et des
                titres forgés</citation>
            <!-- On a choisi dans cette notice de regrouper dans un seul élément <citation> toutes les références aux normes utilisées pour élaborer la notice -->
        </conventionDeclaration>
        <maintenanceHistory>
            <maintenanceEvent>
                <eventType>updated</eventType>
                <eventDateTime>2011-05-12</eventDateTime>
                <agentType>human</agentType>
                <agent>Notice rédigée par Alexandra Machado, vacataire à la Direction des Archives
                    de France, révisée par Claire Sibille - de Grimouard, conservateur au Service
                    interministériel des Archives de France et par Florence Clavaud, conservateur à l'Ecole nationale des chartes</agent>
            </maintenanceEvent>
        </maintenanceHistory>
        <sources>
            <source>
                <objectXMLWrap>
                    <tei:bibl xmlns:tei="http://www.tei-c.org/ns/1.0">
                        <tei:title>
                            <tei:emph rend="italic">Paris d'hier et d'aujourd'hui</tei:emph>
                        </tei:title>
                        <tei:respStmt>
                            <tei:resp>photographes</tei:resp>
                            <tei:name>Roger Henrard</tei:name>
                            <tei:name>Yann Arthus-Bertrand</tei:name>
                        </tei:respStmt>
                    </tei:bibl>
                </objectXMLWrap>
            </source>
            <source>
                <objectXMLWrap>
                    <!-- On a rapatrié ici des éléments provenant d'espaces de noms externes appropriés pour faire référence à des ressources bibliographiques -->
                    <tei:bibl xmlns:tei="http://www.tei-c.org/ns/1.0">
                        <tei:title>
                            <tei:emph rend="italic">Le tour de Paris : les promenades aériennes de
                                Roger Henrard</tei:emph>
                        </tei:title>
                        <tei:author>Jean-Louis Cohen</tei:author>
                        <tei:imprint>
                            <tei:date>2006</tei:date>
                        </tei:imprint>
                    </tei:bibl>
                </objectXMLWrap>
            </source>
            <source>
                <objectXMLWrap>
                    <!-- On a rapatrié ici des éléments provenant d'espaces de noms externes appropriés pour faire référence à des ressources bibliographiques -->
                    <tei:bibl xmlns:tei="http://www.tei-c.org/ns/1.0">
                        <tei:author>Henrard (Roger)</tei:author>
                        <tei:title>
                            <tei:emph rend="italic">Un enragé du ciel</tei:emph>
                        </tei:title>
                        <tei:imprint>
                            <tei:publisher>Julliard</tei:publisher>
                            <tei:date>1953</tei:date>
                        </tei:imprint>
                    </tei:bibl>
                </objectXMLWrap>
            </source>
        </sources>
    </control>
    <cpfDescription>
        <identity>
            <entityType>person</entityType>
            <nameEntry>
                <part localType="nom">Henrard</part>
                <part localType="prenom">Roger</part>
                <part localType="dates_biographiques">1900-1975</part>
                <authorizedForm>AFNOR_NF_Z_44-061</authorizedForm>
                <!-- Forme autorisée du nom structurée dans différents éléments <part> permettant de distinguer la nature de chaque composante du nom -->
            </nameEntry>
        </identity>
        <description>
            <existDates>
                <dateRange>
                    <fromDate standardDate="1900-02-10">10 février 1900</fromDate>
                    <toDate standardDate="1975-06-26">26 juin 1975</toDate>
                </dateRange>
            </existDates>
            <occupations>
                <occupation>
                    <term>aviateur</term>
                </occupation>
                <occupation>
                    <term>photographe</term>
                </occupation>
            </occupations>
            <biogHist>
                <p>Roger Henrard (10 février 1900-26 juin 1975), a été pilote de tourisme après la
                    Seconde Guerre mondiale. Il est devenu le directeur des établissements Jules
                    Richard situés à Paris (21 rue Carducci, 75019 Paris) qui fabriquaient des
                    appareils enregistreurs pour la météo et des appareils photographiques
                    stéréoscopiques (dont le Verascope).</p>
                <p>La société d'exploitation de la photographie aérienne Roger Henrard lui a succédé
                    (date inconnue ?) ; ses bureaux étaient situés à Saint-Maur (19 avenue
                    Jean-Jaurès, 94100 Saint-Maur) et ses laboratoires à Le Ban-Saint-Martin (27
                    avenue de la Liberté, 57000 Le Ban-Saint-Martin). Elle commercialisait les
                    photographies aériennes réalisées par Roger Henrard à l'aide d'un un “Altiphote”
                    Richard-Labrély installé à bord de son avion.</p>
                <p>Après la mort du pilote, la société, par l'intermédiaire de sa gérante, Mme
                    Genetel, a revendu une partie des clichés (négatifs et épreuves) à de nombreux
                    services d'archives de communes et de départements que Roger Henrard avait
                    survolés.</p>
            </biogHist>
        </description>
        <relations>
            <cpfRelation cpfRelationType="associative">
                <relationEntry>Société d'exploitation de la Photographie aérienne Roger
                    Henrard</relationEntry>
            </cpfRelation>
            <!-- Ci-dessous relations avec des composants <c> au sein d'instances EAD -->
            <resourceRelation resourceRelationType="creatorOf" xlink:href="FRDAFAPH_AD001.xml#ph443">
                <relationEntry>Photographies aériennes Henrard</relationEntry>
                <objectXMLWrap>
                    <ead:repository xmlns:ead="urn:isbn:1-931666-00-8">Archives départementales de
                        l'Ain</ead:repository>
                </objectXMLWrap>
            </resourceRelation>
            <resourceRelation resourceRelationType="creatorOf" xlink:href="FRDAFAPH_AD002.xml#ph476">
                <relationEntry>Fonds Henrard</relationEntry>
                <objectXMLWrap>
                    <ead:repository xmlns:ead="urn:isbn:1-931666-00-8">Archives départementales de
                        l'Aisne</ead:repository>
                </objectXMLWrap>
            </resourceRelation>
            <resourceRelation resourceRelationType="creatorOf" xlink:href="FRDAFAPH_AD003.xml#ph84">
                <relationEntry>Collection Henrard</relationEntry>
                <objectXMLWrap>
                    <ead:repository xmlns:ead="urn:isbn:1-931666-00-8">Archives départementales de
                        l'Allier</ead:repository>
                </objectXMLWrap>
            </resourceRelation>
            <resourceRelation resourceRelationType="creatorOf" xlink:href="FRDAFAPH_AD007.xml#ph498">
                <relationEntry>Photographies aériennes Henrard</relationEntry>
                <objectXMLWrap>
                    <ead:repository xmlns:ead="urn:isbn:1-931666-00-8">Archives départementales de
                        l'Ardèche</ead:repository>
                </objectXMLWrap>
            </resourceRelation>
            <resourceRelation resourceRelationType="creatorOf"
                xlink:href="FRDAFAPH_AD015.xml#ph3483">
                <relationEntry>Collection Henrard</relationEntry>
                <objectXMLWrap>
                    <ead:repository xmlns:ead="urn:isbn:1-931666-00-8">Archives départementales du
                        Cantal</ead:repository>
                </objectXMLWrap>
            </resourceRelation>
            <resourceRelation resourceRelationType="creatorOf" xlink:href="FRDAFAPH_AD018.xml#ph665">
                <relationEntry>Fonds Henrard</relationEntry>
                <objectXMLWrap>
                    <ead:repository xmlns:ead="urn:isbn:1-931666-00-8">Archives départementales du
                        Cher</ead:repository>
                </objectXMLWrap>
            </resourceRelation>
            <resourceRelation resourceRelationType="creatorOf"
                xlink:href="FRDAFAPH_AD024.xml#ph1672">
                <relationEntry>Collection Henrard</relationEntry>
                <objectXMLWrap>
                    <ead:repository xmlns:ead="urn:isbn:1-931666-00-8">Archives départementales de
                        Dordogne</ead:repository>
                </objectXMLWrap>
            </resourceRelation>
            <resourceRelation resourceRelationType="creatorOf" xlink:href="FRDAFAPH_AD037.xml#ph766">
                <relationEntry>Fonds Henrard</relationEntry>
                <objectXMLWrap>
                    <ead:repository xmlns:ead="urn:isbn:1-931666-00-8">Archives départementales de
                        l'Indre-et-Loire</ead:repository>
                </objectXMLWrap>
            </resourceRelation>
            <resourceRelation resourceRelationType="creatorOf" xlink:href="FRDAFAPH_AD042.xml#ph824">
                <relationEntry>Fonds Henrard</relationEntry>
                <objectXMLWrap>
                    <ead:repository xmlns:ead="urn:isbn:1-931666-00-8">Archives départementales de
                        la Loire</ead:repository>
                </objectXMLWrap>
            </resourceRelation>
            <resourceRelation resourceRelationType="creatorOf" xlink:href="FRDAFAPH_AD044.xml#ph846">
                <relationEntry>Fonds Henrard</relationEntry>
                <objectXMLWrap>
                    <ead:repository xmlns:ead="urn:isbn:1-931666-00-8">Archives départementales de
                        Loire-Atlantique</ead:repository>
                </objectXMLWrap>
            </resourceRelation>
            <resourceRelation resourceRelationType="creatorOf" xlink:href="FRDAFAPH_AD048.xml#ph904">
                <relationEntry>Fonds Roger Henrard</relationEntry>
                <objectXMLWrap>
                    <ead:repository xmlns:ead="urn:isbn:1-931666-00-8">Archives départementales de
                        la Lozère</ead:repository>
                </objectXMLWrap>
            </resourceRelation>
            <resourceRelation resourceRelationType="creatorOf"
                xlink:href="FRDAFAPH_AD050.xml#ph2113">
                <relationEntry>Fonds Henrard</relationEntry>
                <objectXMLWrap>
                    <ead:repository xmlns:ead="urn:isbn:1-931666-00-8">Archives départementales de
                        la Manche</ead:repository>
                </objectXMLWrap>
            </resourceRelation>
            <resourceRelation resourceRelationType="creatorOf" xlink:href="FRDAFAPH_AD054.xml#ph966">
                <relationEntry>Vues aériennes Henrard</relationEntry>
                <objectXMLWrap>
                    <ead:repository xmlns:ead="urn:isbn:1-931666-00-8">Archives départementales de
                        Meurthe-et-Moselle</ead:repository>
                </objectXMLWrap>
            </resourceRelation>
            <resourceRelation resourceRelationType="creatorOf" xlink:href="FRDAFAPH_AD062.xml#ph93">
                <relationEntry>Photographies aériennes Roger Henrard</relationEntry>
                <objectXMLWrap>
                    <ead:repository xmlns:ead="urn:isbn:1-931666-00-8">Archives départementales du
                        Pas-de-Calais</ead:repository>
                </objectXMLWrap>
            </resourceRelation>
            <resourceRelation resourceRelationType="creatorOf"
                xlink:href="FRDAFAPH_AD063.xml#ph4485">
                <relationEntry>Collection Henrard</relationEntry>
                <objectXMLWrap>
                    <ead:repository xmlns:ead="urn:isbn:1-931666-00-8">Archives départementales du
                        Puy-de-Dôme</ead:repository>
                </objectXMLWrap>
            </resourceRelation>
            <resourceRelation resourceRelationType="creatorOf"
                xlink:href="FRDAFAPH_AD069.xml#ph4444">
                <relationEntry>Collection Roger Henrard</relationEntry>
                <objectXMLWrap>
                    <ead:repository xmlns:ead="urn:isbn:1-931666-00-8">Archives départementales du
                        Rhône</ead:repository>
                </objectXMLWrap>
            </resourceRelation>
            <resourceRelation resourceRelationType="creatorOf"
                xlink:href="FRDAFAPH_AD071.xml#ph1160">
                <relationEntry>Fonds Henrard</relationEntry>
                <objectXMLWrap>
                    <ead:repository xmlns:ead="urn:isbn:1-931666-00-8">Archives départementales de
                        Saône-et-Loire</ead:repository>
                </objectXMLWrap>
            </resourceRelation>
            <resourceRelation resourceRelationType="creatorOf" xlink:href="FRDAFAPH_AD072.xml#ph68">
                <relationEntry>Fonds Henrard</relationEntry>
                <objectXMLWrap>
                    <ead:repository xmlns:ead="urn:isbn:1-931666-00-8">Archives départementales de
                        la Sarthe</ead:repository>
                </objectXMLWrap>
            </resourceRelation>
            <resourceRelation resourceRelationType="creatorOf"
                xlink:href="FRDAFAPH_AD076.xml#ph1403">
                <relationEntry>Photographies aériennes Roger Henrard</relationEntry>
                <objectXMLWrap>
                    <ead:repository xmlns:ead="urn:isbn:1-931666-00-8">Archives départementales de
                        Seine-Maritime</ead:repository>
                </objectXMLWrap>
            </resourceRelation>
            <resourceRelation resourceRelationType="creatorOf"
                xlink:href="FRDAFAPH_AD077.xml#ph1175">
                <relationEntry>Collection Roger Henrard</relationEntry>
                <objectXMLWrap>
                    <ead:repository xmlns:ead="urn:isbn:1-931666-00-8">Archives départementales de
                        Seine-et-Marne</ead:repository>
                </objectXMLWrap>
            </resourceRelation>
            <resourceRelation resourceRelationType="creatorOf"
                xlink:href="FRDAFAPH_AD078.xml#ph4439">
                <relationEntry>Photographies aériennes du département des Yvelines</relationEntry>
                <objectXMLWrap>
                    <ead:repository xmlns:ead="urn:isbn:1-931666-00-8">Archives départementales des
                        Yvelines</ead:repository>
                </objectXMLWrap>
            </resourceRelation>
            <resourceRelation resourceRelationType="creatorOf"
                xlink:href="FRDAFAPH_AD079.xml#ph1337">
                <relationEntry>Fonds Roger Henrard</relationEntry>
                <objectXMLWrap>
                    <ead:repository xmlns:ead="urn:isbn:1-931666-00-8">Archives départementales des
                        Deux-Sèvres</ead:repository>
                </objectXMLWrap>
            </resourceRelation>
            <resourceRelation resourceRelationType="creatorOf"
                xlink:href="FRDAFAPH_AD084.xml#ph1266">
                <relationEntry>Collection de photographies aériennes Henrard</relationEntry>
                <objectXMLWrap>
                    <ead:repository xmlns:ead="urn:isbn:1-931666-00-8">Archives départementales de
                        Vaucluse</ead:repository>
                </objectXMLWrap>
            </resourceRelation>
            <resourceRelation resourceRelationType="creatorOf"
                xlink:href="FRDAFAPH_AD092.xml#ph1356">
                <relationEntry>Collection Henrard</relationEntry>
                <objectXMLWrap>
                    <ead:repository xmlns:ead="urn:isbn:1-931666-00-8">Archives départementales des
                        Hauts-de-Seine</ead:repository>
                </objectXMLWrap>
            </resourceRelation>
            <resourceRelation resourceRelationType="creatorOf"
                xlink:href="FRDAFAPH_AD095.xml#ph1719">
                <relationEntry>Villes et villages du Val-d'Oise : photographies aériennes prises par
                    M. Roger Henrard</relationEntry>
                <objectXMLWrap>
                    <ead:repository xmlns:ead="urn:isbn:1-931666-00-8">Archives départementales du
                        Val d'Oise</ead:repository>
                </objectXMLWrap>
            </resourceRelation>
            <resourceRelation resourceRelationType="creatorOf"
                xlink:href="FRDAFAPH_AD013.xml#ph2160">
                <relationEntry>Photographies aériennes</relationEntry>
                <objectXMLWrap>
                    <ead:repository xmlns:ead="urn:isbn:1-931666-00-8">Archives municipales
                        d'Arles</ead:repository>
                </objectXMLWrap>
            </resourceRelation>
            <resourceRelation resourceRelationType="creatorOf"
                xlink:href="FRDAFAPH_AD021.xml#ph4581">
                <relationEntry>Fonds de photographies aériennes des archives de la ville de
                    Dijon</relationEntry>
                <objectXMLWrap>
                    <ead:repository xmlns:ead="urn:isbn:1-931666-00-8">Archives municipales de
                        Dijon</ead:repository>
                </objectXMLWrap>
            </resourceRelation>
            <resourceRelation resourceRelationType="creatorOf" xlink:href="FRDAFAPH_AD049.xml#ph255">
                <relationEntry>Fonds Henrard</relationEntry>
                <objectXMLWrap>
                    <ead:repository xmlns:ead="urn:isbn:1-931666-00-8">Archives municipales de
                        Saumur</ead:repository>
                </objectXMLWrap>
            </resourceRelation>
        </relations>
    </cpfDescription>
</eac-cpf>
